run,rule,leaf_condition,rows,win,depth,num_conditions,rule_key
1,(Total_Trans_Amt > 8192),Total_Trans_Amt > 8192,6,58,0,1,(Total_Trans_Amt > 8192)
1,(Total_Trans_Amt > 8192) AND (education_Level == Graduate),education_Level == Graduate,3,78,1,2,(Total_Trans_Amt > 8192) AND (education_Level == Graduate)
1,(Total_Trans_Amt <= 8192),Total_Trans_Amt <= 8192,24,-14,0,1,(Total_Trans_Amt <= 8192)
1,(Total_Trans_Amt <= 8192) AND (income_Category == $80K - $120K),income_Category == $80K - $120K,7,3,1,2,(Total_Trans_Amt <= 8192) AND (income_Category == $80K - $120K)
1,(Total_Trans_Amt <= 8192) AND (income_Category == $40K - $60K),income_Category == $40K - $60K,3,3,1,2,(Total_Trans_Amt <= 8192) AND (income_Category == $40K - $60K)
1,(Total_Trans_Amt <= 8192) AND (income_Category == $60K - $80K),income_Category == $60K - $80K,4,-26,1,2,(Total_Trans_Amt <= 8192) AND (income_Category == $60K - $80K)
1,(Total_Trans_Amt <= 8192) AND (income_Category == Less than $40K),income_Category == Less than $40K,6,-34,1,2,(Total_Trans_Amt <= 8192) AND (income_Category == Less than $40K)
2,(income_Category == $80K - $120K) AND (education_Level == Graduate),education_Level == Graduate,3,23,1,2,(income_Category == $80K - $120K) AND (education_Level == Graduate)
2,(income_Category == $40K - $60K) AND (attrition_Flag == Attrited Customer),attrition_Flag == Attrited Customer,3,-48,1,2,(income_Category == $40K - $60K) AND (attrition_Flag == Attrited Customer)
3,(Avg_Utilization_Ratio > 0),Avg_Utilization_Ratio > 0,21,18,0,1,(Avg_Utilization_Ratio > 0)
3,(Avg_Utilization_Ratio > 0) AND (Avg_Utilization_Ratio <= 0.161),Avg_Utilization_Ratio <= 0.161,14,44,1,2,(Avg_Utilization_Ratio > 0) AND (Avg_Utilization_Ratio <= 0.161)
3,(Avg_Utilization_Ratio > 0) AND (Avg_Utilization_Ratio <= 0.161) AND (education_Level == High School),education_Level == High School,3,57,2,3,(Avg_Utilization_Ratio > 0) AND (Avg_Utilization_Ratio <= 0.161) AND (education_Level == High School)
3,(Avg_Utilization_Ratio > 0) AND (Avg_Utilization_Ratio <= 0.161) AND (education_Level == Graduate),education_Level == Graduate,7,42,2,3,(Avg_Utilization_Ratio > 0) AND (Avg_Utilization_Ratio <= 0.161) AND (education_Level == Graduate)
3,(Avg_Utilization_Ratio > 0) AND (Avg_Utilization_Ratio > 0.161),Avg_Utilization_Ratio > 0.161,7,-32,1,2,(Avg_Utilization_Ratio > 0) AND (Avg_Utilization_Ratio > 0.161)
3,(Avg_Utilization_Ratio <= 0),Avg_Utilization_Ratio <= 0,9,-44,0,1,(Avg_Utilization_Ratio <= 0)
3,(Avg_Utilization_Ratio <= 0) AND (Customer_Age <= 44),Customer_Age <= 44,4,3,1,2,(Avg_Utilization_Ratio <= 0) AND (Customer_Age <= 44)
3,(Avg_Utilization_Ratio <= 0) AND (Customer_Age > 44),Customer_Age > 44,5,-82,1,2,(Avg_Utilization_Ratio <= 0) AND (Customer_Age > 44)
4,(income_Category == $80K - $120K) AND (Avg_Utilization_Ratio > 0),Avg_Utilization_Ratio > 0,3,49,1,2,(income_Category == $80K - $120K) AND (Avg_Utilization_Ratio > 0)
4,(income_Category == $80K - $120K) AND (Avg_Utilization_Ratio <= 0),Avg_Utilization_Ratio <= 0,4,0,1,2,(income_Category == $80K - $120K) AND (Avg_Utilization_Ratio <= 0)
5,(income_Category == $80K - $120K) AND (card_Category == Blue),card_Category == Blue,10,18,1,2,(income_Category == $80K - $120K) AND (card_Category == Blue)
5,(income_Category == $80K - $120K) AND (card_Category == Blue) AND (CLIENTNUM <= 718246458),CLIENTNUM <= 718246458,4,44,2,3,(income_Category == $80K - $120K) AND (card_Category == Blue) AND (CLIENTNUM <= 718246458)
5,(income_Category == $80K - $120K) AND (card_Category == Blue) AND (CLIENTNUM > 718246458),CLIENTNUM > 718246458,6,0,2,3,(income_Category == $80K - $120K) AND (card_Category == Blue) AND (CLIENTNUM > 718246458)
5,(income_Category == $80K - $120K) AND (card_Category == Blue) AND (CLIENTNUM > 718246458) AND (Total_Amt_Chng_Q4_Q1 > 0.715),Total_Amt_Chng_Q4_Q1 > 0.715,3,15,3,4,(income_Category == $80K - $120K) AND (card_Category == Blue) AND (CLIENTNUM > 718246458) AND (Total_Amt_Chng_Q4_Q1 > 0.715)
5,(income_Category == $80K - $120K) AND (card_Category == Blue) AND (CLIENTNUM > 718246458) AND (Total_Amt_Chng_Q4_Q1 <= 0.715),Total_Amt_Chng_Q4_Q1 <= 0.715,3,-13,3,4,(income_Category == $80K - $120K) AND (card_Category == Blue) AND (CLIENTNUM > 718246458) AND (Total_Amt_Chng_Q4_Q1 <= 0.715)
6,(Avg_Utilization_Ratio <= 0.098),Avg_Utilization_Ratio <= 0.098,13,29,0,1,(Avg_Utilization_Ratio <= 0.098)
6,(Avg_Utilization_Ratio <= 0.098) AND (Contacts_Count_12_mon <= 2),Contacts_Count_12_mon <= 2,6,57,1,2,(Avg_Utilization_Ratio <= 0.098) AND (Contacts_Count_12_mon <= 2)
6,(Avg_Utilization_Ratio <= 0.098) AND (Contacts_Count_12_mon > 2),Contacts_Count_12_mon > 2,7,5,1,2,(Avg_Utilization_Ratio <= 0.098) AND (Contacts_Count_12_mon > 2)
6,(Avg_Utilization_Ratio > 0.098),Avg_Utilization_Ratio > 0.098,17,-22,0,1,(Avg_Utilization_Ratio > 0.098)
6,(Avg_Utilization_Ratio > 0.098) AND (Avg_Utilization_Ratio <= 0.291),Avg_Utilization_Ratio <= 0.291,8,-12,1,2,(Avg_Utilization_Ratio > 0.098) AND (Avg_Utilization_Ratio <= 0.291)
6,(Avg_Utilization_Ratio > 0.098) AND (Avg_Utilization_Ratio <= 0.291) AND (Total_Amt_Chng_Q4_Q1 > 0.945),Total_Amt_Chng_Q4_Q1 > 0.945,3,0,2,3,(Avg_Utilization_Ratio > 0.098) AND (Avg_Utilization_Ratio <= 0.291) AND (Total_Amt_Chng_Q4_Q1 > 0.945)
6,(Avg_Utilization_Ratio > 0.098) AND (Avg_Utilization_Ratio <= 0.291) AND (Total_Amt_Chng_Q4_Q1 <= 0.945),Total_Amt_Chng_Q4_Q1 <= 0.945,5,-20,2,3,(Avg_Utilization_Ratio > 0.098) AND (Avg_Utilization_Ratio <= 0.291) AND (Total_Amt_Chng_Q4_Q1 <= 0.945)
6,(Avg_Utilization_Ratio > 0.098) AND (Avg_Utilization_Ratio > 0.291),Avg_Utilization_Ratio > 0.291,9,-31,1,2,(Avg_Utilization_Ratio > 0.098) AND (Avg_Utilization_Ratio > 0.291)
6,(Avg_Utilization_Ratio > 0.098) AND (Avg_Utilization_Ratio > 0.291) AND (education_Level == Uneducated),education_Level == Uneducated,3,-35,2,3,(Avg_Utilization_Ratio > 0.098) AND (Avg_Utilization_Ratio > 0.291) AND (education_Level == Uneducated)
7,(Total_Trans_Amt <= 2748),Total_Trans_Amt <= 2748,15,17,0,1,(Total_Trans_Amt <= 2748)
7,(Total_Trans_Amt <= 2748) AND (income_Category == $80K - $120K),income_Category == $80K - $120K,4,49,1,2,(Total_Trans_Amt <= 2748) AND (income_Category == $80K - $120K)
7,(Total_Trans_Amt <= 2748) AND (income_Category == $120K +),income_Category == $120K +,3,35,1,2,(Total_Trans_Amt <= 2748) AND (income_Category == $120K +)
7,(Total_Trans_Amt <= 2748) AND (income_Category == $40K - $60K),income_Category == $40K - $60K,4,-14,1,2,(Total_Trans_Amt <= 2748) AND (income_Category == $40K - $60K)
7,(Total_Trans_Amt > 2748),Total_Trans_Amt > 2748,15,-17,0,1,(Total_Trans_Amt > 2748)
7,(Total_Trans_Amt > 2748) AND (income_Category == $40K - $60K),income_Category == $40K - $60K,3,-9,1,2,(Total_Trans_Amt > 2748) AND (income_Category == $40K - $60K)
7,(Total_Trans_Amt > 2748) AND (income_Category == $80K - $120K),income_Category == $80K - $120K,3,-17,1,2,(Total_Trans_Amt > 2748) AND (income_Category == $80K - $120K)
7,(Total_Trans_Amt > 2748) AND (income_Category == Less than $40K),income_Category == Less than $40K,5,-28,1,2,(Total_Trans_Amt > 2748) AND (income_Category == Less than $40K)
8,(card_Category == Blue) AND (education_Level == Post-Graduate),education_Level == Post-Graduate,3,28,1,2,(card_Category == Blue) AND (education_Level == Post-Graduate)
8,(card_Category == Blue) AND (education_Level == Unknown),education_Level == Unknown,7,-3,1,2,(card_Category == Blue) AND (education_Level == Unknown)
8,(card_Category == Blue) AND (education_Level == High School),education_Level == High School,5,-9,1,2,(card_Category == Blue) AND (education_Level == High School)
9,(Total_Trans_Amt > 6826),Total_Trans_Amt > 6826,8,42,0,1,(Total_Trans_Amt > 6826)
9,(Total_Trans_Amt > 6826) AND (income_Category == $40K - $60K),income_Category == $40K - $60K,4,51,1,2,(Total_Trans_Amt > 6826) AND (income_Category == $40K - $60K)
9,(Total_Trans_Amt <= 6826),Total_Trans_Amt <= 6826,22,-15,0,1,(Total_Trans_Amt <= 6826)
9,(Total_Trans_Amt <= 6826) AND (income_Category == $60K - $80K),income_Category == $60K - $80K,6,-11,1,2,(Total_Trans_Amt <= 6826) AND (income_Category == $60K - $80K)
9,(Total_Trans_Amt <= 6826) AND (income_Category == Less than $40K),income_Category == Less than $40K,4,-15,1,2,(Total_Trans_Amt <= 6826) AND (income_Category == Less than $40K)
9,(Total_Trans_Amt <= 6826) AND (income_Category == $40K - $60K),income_Category == $40K - $60K,6,-23,1,2,(Total_Trans_Amt <= 6826) AND (income_Category == $40K - $60K)
9,(Total_Trans_Amt <= 6826) AND (income_Category == $40K - $60K) AND (education_Level == Graduate),education_Level == Graduate,3,-7,2,3,(Total_Trans_Amt <= 6826) AND (income_Category == $40K - $60K) AND (education_Level == Graduate)
9,(Total_Trans_Amt <= 6826) AND (income_Category == Unknown),income_Category == Unknown,4,-30,1,2,(Total_Trans_Amt <= 6826) AND (income_Category == Unknown)
10,(education_Level == Doctorate),education_Level == Doctorate,8,36,0,1,(education_Level == Doctorate)
10,(education_Level == Doctorate) AND (CLIENTNUM <= 714754533),CLIENTNUM <= 714754533,4,79,1,2,(education_Level == Doctorate) AND (CLIENTNUM <= 714754533)
10,(education_Level == Doctorate) AND (CLIENTNUM > 714754533),CLIENTNUM > 714754533,4,-6,1,2,(education_Level == Doctorate) AND (CLIENTNUM > 714754533)
10,(education_Level == Unknown),education_Level == Unknown,4,0,0,1,(education_Level == Unknown)
10,(education_Level == Uneducated),education_Level == Uneducated,7,0,0,1,(education_Level == Uneducated)
10,(education_Level == Uneducated) AND (marital_Status == Married),marital_Status == Married,3,26,1,2,(education_Level == Uneducated) AND (marital_Status == Married)
10,(education_Level == High School),education_Level == High School,3,-13,0,1,(education_Level == High School)
10,(education_Level == Graduate),education_Level == Graduate,6,-21,0,1,(education_Level == Graduate)
10,(education_Level == Graduate) AND (marital_Status == Married),marital_Status == Married,3,-20,1,2,(education_Level == Graduate) AND (marital_Status == Married)
12,(income_Category == $80K - $120K) AND (education_Level == High School) AND (marital_Status == Married),marital_Status == Married,3,56,2,3,(income_Category == $80K - $120K) AND (education_Level == High School) AND (marital_Status == Married)
13,(income_Category == $80K - $120K) AND (Total_Trans_Ct <= 69),Total_Trans_Ct <= 69,4,28,1,2,(income_Category == $80K - $120K) AND (Total_Trans_Ct <= 69)
13,(income_Category == $80K - $120K) AND (Total_Trans_Ct > 69),Total_Trans_Ct > 69,4,0,1,2,(income_Category == $80K - $120K) AND (Total_Trans_Ct > 69)
13,(income_Category == $60K - $80K) AND (card_Category == Silver),card_Category == Silver,4,0,1,2,(income_Category == $60K - $80K) AND (card_Category == Silver)
13,(income_Category == $40K - $60K) AND (card_Category == Blue),card_Category == Blue,3,-30,1,2,(income_Category == $40K - $60K) AND (card_Category == Blue)
14,(card_Category == Blue) AND (Dependent_count > 1),Dependent_count > 1,19,3,1,2,(card_Category == Blue) AND (Dependent_count > 1)
14,(card_Category == Blue) AND (Dependent_count > 1) AND (Customer_Age > 54),Customer_Age > 54,3,39,2,3,(card_Category == Blue) AND (Dependent_count > 1) AND (Customer_Age > 54)
14,(card_Category == Blue) AND (Dependent_count > 1) AND (Customer_Age <= 54),Customer_Age <= 54,16,-3,2,3,(card_Category == Blue) AND (Dependent_count > 1) AND (Customer_Age <= 54)
14,(card_Category == Blue) AND (Dependent_count > 1) AND (Customer_Age <= 54) AND (income_Category == $60K - $80K),income_Category == $60K - $80K,3,5,3,4,(card_Category == Blue) AND (Dependent_count > 1) AND (Customer_Age <= 54) AND (income_Category == $60K - $80K)
14,(card_Category == Blue) AND (Dependent_count > 1) AND (Customer_Age <= 54) AND (income_Category == $40K - $60K),income_Category == $40K - $60K,5,-6,3,4,(card_Category == Blue) AND (Dependent_count > 1) AND (Customer_Age <= 54) AND (income_Category == $40K - $60K)
14,(card_Category == Blue) AND (Dependent_count > 1) AND (Customer_Age <= 54) AND (income_Category == $40K - $60K) AND (attrition_Flag == Existing Customer),attrition_Flag == Existing Customer,4,0,4,5,(card_Category == Blue) AND (Dependent_count > 1) AND (Customer_Age <= 54) AND (income_Category == $40K - $60K) AND (attrition_Flag == Existing Customer)
14,(card_Category == Blue) AND (Dependent_count > 1) AND (Customer_Age <= 54) AND (income_Category == Less than $40K),income_Category == Less than $40K,3,-12,3,4,(card_Category == Blue) AND (Dependent_count > 1) AND (Customer_Age <= 54) AND (income_Category == Less than $40K)
14,(card_Category == Blue) AND (Dependent_count <= 1),Dependent_count <= 1,8,-32,1,2,(card_Category == Blue) AND (Dependent_count <= 1)
15,(Total_Trans_Amt > 7730),Total_Trans_Amt > 7730,6,40,0,1,(Total_Trans_Amt > 7730)
15,(Total_Trans_Amt <= 7730),Total_Trans_Amt <= 7730,24,-10,0,1,(Total_Trans_Amt <= 7730)
15,(Total_Trans_Amt <= 7730) AND (income_Category == $60K - $80K),income_Category == $60K - $80K,6,13,1,2,(Total_Trans_Amt <= 7730) AND (income_Category == $60K - $80K)
15,(Total_Trans_Amt <= 7730) AND (income_Category == $60K - $80K) AND (Total_Amt_Chng_Q4_Q1 > 0.659),Total_Amt_Chng_Q4_Q1 > 0.659,3,38,2,3,(Total_Trans_Amt <= 7730) AND (income_Category == $60K - $80K) AND (Total_Amt_Chng_Q4_Q1 > 0.659)
15,(Total_Trans_Amt <= 7730) AND (income_Category == $60K - $80K) AND (Total_Amt_Chng_Q4_Q1 <= 0.659),Total_Amt_Chng_Q4_Q1 <= 0.659,3,-11,2,3,(Total_Trans_Amt <= 7730) AND (income_Category == $60K - $80K) AND (Total_Amt_Chng_Q4_Q1 <= 0.659)
15,(Total_Trans_Amt <= 7730) AND (income_Category == $40K - $60K),income_Category == $40K - $60K,3,-7,1,2,(Total_Trans_Amt <= 7730) AND (income_Category == $40K - $60K)
15,(Total_Trans_Amt <= 7730) AND (income_Category == $80K - $120K),income_Category == $80K - $120K,4,-20,1,2,(Total_Trans_Amt <= 7730) AND (income_Category == $80K - $120K)
15,(Total_Trans_Amt <= 7730) AND (income_Category == Unknown),income_Category == Unknown,4,-24,1,2,(Total_Trans_Amt <= 7730) AND (income_Category == Unknown)
15,(Total_Trans_Amt <= 7730) AND (income_Category == Less than $40K),income_Category == Less than $40K,5,-36,1,2,(Total_Trans_Amt <= 7730) AND (income_Category == Less than $40K)
16,(income_Category == $80K - $120K) AND (Avg_Utilization_Ratio <= 0.07),Avg_Utilization_Ratio <= 0.07,5,68,1,2,(income_Category == $80K - $120K) AND (Avg_Utilization_Ratio <= 0.07)
16,(income_Category == $80K - $120K) AND (Avg_Utilization_Ratio <= 0.07) AND (marital_Status == Married),marital_Status == Married,3,70,2,3,(income_Category == $80K - $120K) AND (Avg_Utilization_Ratio <= 0.07) AND (marital_Status == Married)
16,(income_Category == $80K - $120K) AND (Avg_Utilization_Ratio > 0.07),Avg_Utilization_Ratio > 0.07,4,2,1,2,(income_Category == $80K - $120K) AND (Avg_Utilization_Ratio > 0.07)
17,(income_Category == $80K - $120K) AND (Total_Trans_Amt > 2512),Total_Trans_Amt > 2512,4,58,1,2,(income_Category == $80K - $120K) AND (Total_Trans_Amt > 2512)
17,(income_Category == $80K - $120K) AND (Total_Trans_Amt <= 2512),Total_Trans_Amt <= 2512,5,-2,1,2,(income_Category == $80K - $120K) AND (Total_Trans_Amt <= 2512)
17,(income_Category == $60K - $80K) AND (attrition_Flag == Existing Customer),attrition_Flag == Existing Customer,6,-3,1,2,(income_Category == $60K - $80K) AND (attrition_Flag == Existing Customer)
17,(income_Category == $60K - $80K) AND (attrition_Flag == Existing Customer) AND (education_Level == Graduate),education_Level == Graduate,3,8,2,3,(income_Category == $60K - $80K) AND (attrition_Flag == Existing Customer) AND (education_Level == Graduate)
17,(income_Category == Less than $40K) AND (Avg_Utilization_Ratio > 0.132),Avg_Utilization_Ratio > 0.132,3,-6,1,2,(income_Category == Less than $40K) AND (Avg_Utilization_Ratio > 0.132)
17,(income_Category == Less than $40K) AND (Avg_Utilization_Ratio <= 0.132),Avg_Utilization_Ratio <= 0.132,3,-35,1,2,(income_Category == Less than $40K) AND (Avg_Utilization_Ratio <= 0.132)
18,(income_Category == $80K - $120K) AND (Total_Trans_Amt > 2694),Total_Trans_Amt > 2694,3,72,1,2,(income_Category == $80K - $120K) AND (Total_Trans_Amt > 2694)
18,(income_Category == $80K - $120K) AND (Total_Trans_Amt <= 2694),Total_Trans_Amt <= 2694,6,-7,1,2,(income_Category == $80K - $120K) AND (Total_Trans_Amt <= 2694)
18,(income_Category == $80K - $120K) AND (Total_Trans_Amt <= 2694) AND (Avg_Utilization_Ratio <= 0.162),Avg_Utilization_Ratio <= 0.162,3,9,2,3,(income_Category == $80K - $120K) AND (Total_Trans_Amt <= 2694) AND (Avg_Utilization_Ratio <= 0.162)
18,(income_Category == $80K - $120K) AND (Total_Trans_Amt <= 2694) AND (Avg_Utilization_Ratio > 0.162),Avg_Utilization_Ratio > 0.162,3,-24,2,3,(income_Category == $80K - $120K) AND (Total_Trans_Amt <= 2694) AND (Avg_Utilization_Ratio > 0.162)
18,(income_Category == $60K - $80K) AND (card_Category == Blue) AND (education_Level == Graduate),education_Level == Graduate,4,4,2,3,(income_Category == $60K - $80K) AND (card_Category == Blue) AND (education_Level == Graduate)
18,(income_Category == $60K - $80K) AND (card_Category == Blue) AND (education_Level == Graduate) AND (marital_Status == Married),marital_Status == Married,3,-1,3,4,(income_Category == $60K - $80K) AND (card_Category == Blue) AND (education_Level == Graduate) AND (marital_Status == Married)
18,(income_Category == Less than $40K) AND (card_Category == Blue),card_Category == Blue,4,-29,1,2,(income_Category == Less than $40K) AND (card_Category == Blue)
18,(income_Category == $40K - $60K) AND (gender == F),gender == F,3,-62,1,2,(income_Category == $40K - $60K) AND (gender == F)
19,(income_Category == $80K - $120K) AND (Naive_Bayes_Classifier_Attrition_Flag_Card_Category_Contacts_Count_12_mon_Dependent_count_Education_Level_Months_Inactive_12_mon_1 <= 0.00010944),Naive_Bayes_Classifier_Attrition_Flag_Card_Category_Contacts_Count_12_mon_Dependent_count_Education_Level_Months_Inactive_12_mon_1 <= 0.00010944,4,76,1,2,(income_Category == $80K - $120K) AND (Naive_Bayes_Classifier_Attrition_Flag_Card_Category_Contacts_Count_12_mon_Dependent_count_Education_Level_Months_Inactive_12_mon_1 <= 0.00010944)
19,(income_Category == $80K - $120K) AND (Naive_Bayes_Classifier_Attrition_Flag_Card_Category_Contacts_Count_12_mon_Dependent_count_Education_Level_Months_Inactive_12_mon_1 > 0.00010944),Naive_Bayes_Classifier_Attrition_Flag_Card_Category_Contacts_Count_12_mon_Dependent_count_Education_Level_Months_Inactive_12_mon_1 > 0.00010944,8,3,1,2,(income_Category == $80K - $120K) AND (Naive_Bayes_Classifier_Attrition_Flag_Card_Category_Contacts_Count_12_mon_Dependent_count_Education_Level_Months_Inactive_12_mon_1 > 0.00010944)
19,(income_Category == $80K - $120K) AND (Naive_Bayes_Classifier_Attrition_Flag_Card_Category_Contacts_Count_12_mon_Dependent_count_Education_Level_Months_Inactive_12_mon_1 > 0.00010944) AND (Total_Trans_Ct <= 48),Total_Trans_Ct <= 48,4,24,2,3,(income_Category == $80K - $120K) AND (Naive_Bayes_Classifier_Attrition_Flag_Card_Category_Contacts_Count_12_mon_Dependent_count_Education_Level_Months_Inactive_12_mon_1 > 0.00010944) AND (Total_Trans_Ct <= 48)
19,(income_Category == $80K - $120K) AND (Naive_Bayes_Classifier_Attrition_Flag_Card_Category_Contacts_Count_12_mon_Dependent_count_Education_Level_Months_Inactive_12_mon_1 > 0.00010944) AND (Total_Trans_Ct > 48),Total_Trans_Ct > 48,4,-17,2,3,(income_Category == $80K - $120K) AND (Naive_Bayes_Classifier_Attrition_Flag_Card_Category_Contacts_Count_12_mon_Dependent_count_Education_Level_Months_Inactive_12_mon_1 > 0.00010944) AND (Total_Trans_Ct > 48)
19,(income_Category == $40K - $60K) AND (attrition_Flag == Existing Customer),attrition_Flag == Existing Customer,5,-21,1,2,(income_Category == $40K - $60K) AND (attrition_Flag == Existing Customer)
20,(income_Category == $40K - $60K) AND (Total_Trans_Ct > 66),Total_Trans_Ct > 66,3,-7,1,2,(income_Category == $40K - $60K) AND (Total_Trans_Ct > 66)
20,(income_Category == $40K - $60K) AND (Total_Trans_Ct <= 66),Total_Trans_Ct <= 66,5,-38,1,2,(income_Category == $40K - $60K) AND (Total_Trans_Ct <= 66)
21,(card_Category == Blue) AND (income_Category == $80K - $120K),income_Category == $80K - $120K,7,0,1,2,(card_Category == Blue) AND (income_Category == $80K - $120K)
21,(card_Category == Blue) AND (income_Category == $80K - $120K) AND (education_Level == Graduate),education_Level == Graduate,3,4,2,3,(card_Category == Blue) AND (income_Category == $80K - $120K) AND (education_Level == Graduate)
21,(card_Category == Blue) AND (income_Category == $60K - $80K) AND (Avg_Utilization_Ratio <= 0.099),Avg_Utilization_Ratio <= 0.099,3,28,2,3,(card_Category == Blue) AND (income_Category == $60K - $80K) AND (Avg_Utilization_Ratio <= 0.099)
21,(card_Category == Blue) AND (income_Category == $60K - $80K) AND (Avg_Utilization_Ratio > 0.099),Avg_Utilization_Ratio > 0.099,3,-33,2,3,(card_Category == Blue) AND (income_Category == $60K - $80K) AND (Avg_Utilization_Ratio > 0.099)
21,(card_Category == Blue) AND (income_Category == $40K - $60K),income_Category == $40K - $60K,3,-19,1,2,(card_Category == Blue) AND (income_Category == $40K - $60K)
22,(income_Category == $80K - $120K) AND (Total_Amt_Chng_Q4_Q1 > 0.768),Total_Amt_Chng_Q4_Q1 > 0.768,3,58,1,2,(income_Category == $80K - $120K) AND (Total_Amt_Chng_Q4_Q1 > 0.768)
22,(income_Category == $80K - $120K) AND (Total_Amt_Chng_Q4_Q1 <= 0.768),Total_Amt_Chng_Q4_Q1 <= 0.768,3,-28,1,2,(income_Category == $80K - $120K) AND (Total_Amt_Chng_Q4_Q1 <= 0.768)
22,(income_Category == $40K - $60K) AND (marital_Status == Single),marital_Status == Single,3,-49,1,2,(income_Category == $40K - $60K) AND (marital_Status == Single)
23,(card_Category == Blue) AND (CLIENTNUM > 717381183),CLIENTNUM > 717381183,14,-12,1,2,(card_Category == Blue) AND (CLIENTNUM > 717381183)
23,(card_Category == Blue) AND (CLIENTNUM > 717381183) AND (CLIENTNUM <= 719398158),CLIENTNUM <= 719398158,4,16,2,3,(card_Category == Blue) AND (CLIENTNUM > 717381183) AND (CLIENTNUM <= 719398158)
23,(card_Category == Blue) AND (CLIENTNUM > 717381183) AND (CLIENTNUM > 719398158),CLIENTNUM > 719398158,10,-23,2,3,(card_Category == Blue) AND (CLIENTNUM > 717381183) AND (CLIENTNUM > 719398158)
23,(card_Category == Blue) AND (CLIENTNUM > 717381183) AND (CLIENTNUM > 719398158) AND (marital_Status == Married),marital_Status == Married,4,-12,3,4,(card_Category == Blue) AND (CLIENTNUM > 717381183) AND (CLIENTNUM > 719398158) AND (marital_Status == Married)
23,(card_Category == Blue) AND (CLIENTNUM > 717381183) AND (CLIENTNUM > 719398158) AND (marital_Status == Single),marital_Status == Single,3,-20,3,4,(card_Category == Blue) AND (CLIENTNUM > 717381183) AND (CLIENTNUM > 719398158) AND (marital_Status == Single)
23,(card_Category == Blue) AND (CLIENTNUM > 717381183) AND (CLIENTNUM > 719398158) AND (marital_Status == Unknown),marital_Status == Unknown,3,-40,3,4,(card_Category == Blue) AND (CLIENTNUM > 717381183) AND (CLIENTNUM > 719398158) AND (marital_Status == Unknown)
23,(card_Category == Blue) AND (CLIENTNUM <= 717381183),CLIENTNUM <= 717381183,8,-44,1,2,(card_Category == Blue) AND (CLIENTNUM <= 717381183)
24,(card_Category == Blue) AND (Avg_Utilization_Ratio > 0) AND (Avg_Utilization_Ratio <= 0.312),Avg_Utilization_Ratio <= 0.312,10,22,2,3,(card_Category == Blue) AND (Avg_Utilization_Ratio > 0) AND (Avg_Utilization_Ratio <= 0.312)
24,(card_Category == Blue) AND (Avg_Utilization_Ratio > 0) AND (Avg_Utilization_Ratio <= 0.312) AND (education_Level == High School),education_Level == High School,3,26,3,4,(card_Category == Blue) AND (Avg_Utilization_Ratio > 0) AND (Avg_Utilization_Ratio <= 0.312) AND (education_Level == High School)
24,(card_Category == Blue) AND (Avg_Utilization_Ratio > 0) AND (Avg_Utilization_Ratio <= 0.312) AND (education_Level == Graduate),education_Level == Graduate,4,0,3,4,(card_Category == Blue) AND (Avg_Utilization_Ratio > 0) AND (Avg_Utilization_Ratio <= 0.312) AND (education_Level == Graduate)
24,(card_Category == Blue) AND (Avg_Utilization_Ratio > 0) AND (Avg_Utilization_Ratio > 0.312),Avg_Utilization_Ratio > 0.312,9,-27,2,3,(card_Category == Blue) AND (Avg_Utilization_Ratio > 0) AND (Avg_Utilization_Ratio > 0.312)
24,(card_Category == Blue) AND (Avg_Utilization_Ratio > 0) AND (Avg_Utilization_Ratio > 0.312) AND (marital_Status == Unknown),marital_Status == Unknown,3,-8,3,4,(card_Category == Blue) AND (Avg_Utilization_Ratio > 0) AND (Avg_Utilization_Ratio > 0.312) AND (marital_Status == Unknown)
24,(card_Category == Blue) AND (Avg_Utilization_Ratio > 0) AND (Avg_Utilization_Ratio > 0.312) AND (marital_Status == Married),marital_Status == Married,4,-47,3,4,(card_Category == Blue) AND (Avg_Utilization_Ratio > 0) AND (Avg_Utilization_Ratio > 0.312) AND (marital_Status == Married)
25,(income_Category == $80K - $120K) AND (education_Level == Uneducated),education_Level == Uneducated,3,19,1,2,(income_Category == $80K - $120K) AND (education_Level == Uneducated)
26,(income_Category == $60K - $80K) AND (Avg_Utilization_Ratio <= 0.133),Avg_Utilization_Ratio <= 0.133,6,30,1,2,(income_Category == $60K - $80K) AND (Avg_Utilization_Ratio <= 0.133)
26,(income_Category == $60K - $80K) AND (Avg_Utilization_Ratio > 0.133),Avg_Utilization_Ratio > 0.133,4,-8,1,2,(income_Category == $60K - $80K) AND (Avg_Utilization_Ratio > 0.133)
26,(income_Category == Less than $40K) AND (Total_Amt_Chng_Q4_Q1 > 0.715),Total_Amt_Chng_Q4_Q1 > 0.715,5,-1,1,2,(income_Category == Less than $40K) AND (Total_Amt_Chng_Q4_Q1 > 0.715)
26,(income_Category == Less than $40K) AND (Total_Amt_Chng_Q4_Q1 > 0.715) AND (marital_Status == Single),marital_Status == Single,3,1,2,3,(income_Category == Less than $40K) AND (Total_Amt_Chng_Q4_Q1 > 0.715) AND (marital_Status == Single)
26,(income_Category == Less than $40K) AND (Total_Amt_Chng_Q4_Q1 <= 0.715),Total_Amt_Chng_Q4_Q1 <= 0.715,3,-39,1,2,(income_Category == Less than $40K) AND (Total_Amt_Chng_Q4_Q1 <= 0.715)
27,(Avg_Utilization_Ratio <= 0.187),Avg_Utilization_Ratio <= 0.187,22,18,0,1,(Avg_Utilization_Ratio <= 0.187)
27,(Avg_Utilization_Ratio <= 0.187) AND (Avg_Utilization_Ratio > 0),Avg_Utilization_Ratio > 0,16,43,1,2,(Avg_Utilization_Ratio <= 0.187) AND (Avg_Utilization_Ratio > 0)
27,(Avg_Utilization_Ratio <= 0.187) AND (Avg_Utilization_Ratio > 0) AND (income_Category == $80K - $120K),income_Category == $80K - $120K,5,57,2,3,(Avg_Utilization_Ratio <= 0.187) AND (Avg_Utilization_Ratio > 0) AND (income_Category == $80K - $120K)
27,(Avg_Utilization_Ratio <= 0.187) AND (Avg_Utilization_Ratio > 0) AND (income_Category == $60K - $80K),income_Category == $60K - $80K,4,47,2,3,(Avg_Utilization_Ratio <= 0.187) AND (Avg_Utilization_Ratio > 0) AND (income_Category == $60K - $80K)
27,(Avg_Utilization_Ratio <= 0.187) AND (Avg_Utilization_Ratio > 0) AND (income_Category == $60K - $80K) AND (marital_Status == Married),marital_Status == Married,3,51,3,4,(Avg_Utilization_Ratio <= 0.187) AND (Avg_Utilization_Ratio > 0) AND (income_Category == $60K - $80K) AND (marital_Status == Married)
27,(Avg_Utilization_Ratio <= 0.187) AND (Avg_Utilization_Ratio > 0) AND (income_Category == $40K - $60K),income_Category == $40K - $60K,3,-9,2,3,(Avg_Utilization_Ratio <= 0.187) AND (Avg_Utilization_Ratio > 0) AND (income_Category == $40K - $60K)
27,(Avg_Utilization_Ratio <= 0.187) AND (Avg_Utilization_Ratio <= 0),Avg_Utilization_Ratio <= 0,6,-47,1,2,(Avg_Utilization_Ratio <= 0.187) AND (Avg_Utilization_Ratio <= 0)
27,(Avg_Utilization_Ratio <= 0.187) AND (Avg_Utilization_Ratio <= 0) AND (marital_Status == Married),marital_Status == Married,4,-57,2,3,(Avg_Utilization_Ratio <= 0.187) AND (Avg_Utilization_Ratio <= 0) AND (marital_Status == Married)
27,(Avg_Utilization_Ratio > 0.187),Avg_Utilization_Ratio > 0.187,8,-50,0,1,(Avg_Utilization_Ratio > 0.187)
27,(Avg_Utilization_Ratio > 0.187) AND (CLIENTNUM <= 719484408),CLIENTNUM <= 719484408,3,-30,1,2,(Avg_Utilization_Ratio > 0.187) AND (CLIENTNUM <= 719484408)
27,(Avg_Utilization_Ratio > 0.187) AND (CLIENTNUM > 719484408),CLIENTNUM > 719484408,5,-62,1,2,(Avg_Utilization_Ratio > 0.187) AND (CLIENTNUM > 719484408)
29,(Avg_Utilization_Ratio <= 0.137),Avg_Utilization_Ratio <= 0.137,15,12,0,1,(Avg_Utilization_Ratio <= 0.137)
29,(Avg_Utilization_Ratio <= 0.137) AND (income_Category == $120K +),income_Category == $120K +,3,60,1,2,(Avg_Utilization_Ratio <= 0.137) AND (income_Category == $120K +)
29,(Avg_Utilization_Ratio <= 0.137) AND (income_Category == $40K - $60K),income_Category == $40K - $60K,3,-2,1,2,(Avg_Utilization_Ratio <= 0.137) AND (income_Category == $40K - $60K)
29,(Avg_Utilization_Ratio <= 0.137) AND (income_Category == $60K - $80K),income_Category == $60K - $80K,5,-8,1,2,(Avg_Utilization_Ratio <= 0.137) AND (income_Category == $60K - $80K)
29,(Avg_Utilization_Ratio <= 0.137) AND (income_Category == $60K - $80K) AND (attrition_Flag == Existing Customer),attrition_Flag == Existing Customer,4,0,2,3,(Avg_Utilization_Ratio <= 0.137) AND (income_Category == $60K - $80K) AND (attrition_Flag == Existing Customer)
29,(Avg_Utilization_Ratio > 0.137),Avg_Utilization_Ratio > 0.137,15,-12,0,1,(Avg_Utilization_Ratio > 0.137)
29,(Avg_Utilization_Ratio > 0.137) AND (income_Category == $80K - $120K),income_Category == $80K - $120K,4,-9,1,2,(Avg_Utilization_Ratio > 0.137) AND (income_Category == $80K - $120K)
29,(Avg_Utilization_Ratio > 0.137) AND (income_Category == $40K - $60K),income_Category == $40K - $60K,3,-12,1,2,(Avg_Utilization_Ratio > 0.137) AND (income_Category == $40K - $60K)
29,(Avg_Utilization_Ratio > 0.137) AND (income_Category == Less than $40K),income_Category == Less than $40K,4,-15,1,2,(Avg_Utilization_Ratio > 0.137) AND (income_Category == Less than $40K)
29,(Avg_Utilization_Ratio > 0.137) AND (income_Category == Less than $40K) AND (attrition_Flag == Existing Customer),attrition_Flag == Existing Customer,3,-17,2,3,(Avg_Utilization_Ratio > 0.137) AND (income_Category == Less than $40K) AND (attrition_Flag == Existing Customer)
30,(card_Category == Blue) AND (CLIENTNUM > 789218433),CLIENTNUM > 789218433,3,44,1,2,(card_Category == Blue) AND (CLIENTNUM > 789218433)
30,(card_Category == Blue) AND (CLIENTNUM <= 789218433),CLIENTNUM <= 789218433,19,-28,1,2,(card_Category == Blue) AND (CLIENTNUM <= 789218433)
30,(card_Category == Blue) AND (CLIENTNUM <= 789218433) AND (income_Category == $60K - $80K),income_Category == $60K - $80K,7,-18,2,3,(card_Category == Blue) AND (CLIENTNUM <= 789218433) AND (income_Category == $60K - $80K)
30,(card_Category == Blue) AND (CLIENTNUM <= 789218433) AND (income_Category == Less than $40K),income_Category == Less than $40K,4,-29,2,3,(card_Category == Blue) AND (CLIENTNUM <= 789218433) AND (income_Category == Less than $40K)
30,(card_Category == Blue) AND (CLIENTNUM <= 789218433) AND (income_Category == $40K - $60K),income_Category == $40K - $60K,5,-41,2,3,(card_Category == Blue) AND (CLIENTNUM <= 789218433) AND (income_Category == $40K - $60K)
31,(card_Category == Silver) AND (Naive_Bayes_Classifier_Attrition_Flag_Card_Category_Contacts_Count_12_mon_Dependent_count_Education_Level_Months_Inactive_12_mon_2 > 0.99952),Naive_Bayes_Classifier_Attrition_Flag_Card_Category_Contacts_Count_12_mon_Dependent_count_Education_Level_Months_Inactive_12_mon_2 > 0.99952,4,85,1,2,(card_Category == Silver) AND (Naive_Bayes_Classifier_Attrition_Flag_Card_Category_Contacts_Count_12_mon_Dependent_count_Education_Level_Months_Inactive_12_mon_2 > 0.99952)
31,(card_Category == Silver) AND (Naive_Bayes_Classifier_Attrition_Flag_Card_Category_Contacts_Count_12_mon_Dependent_count_Education_Level_Months_Inactive_12_mon_2 <= 0.99952),Naive_Bayes_Classifier_Attrition_Flag_Card_Category_Contacts_Count_12_mon_Dependent_count_Education_Level_Months_Inactive_12_mon_2 <= 0.99952,4,12,1,2,(card_Category == Silver) AND (Naive_Bayes_Classifier_Attrition_Flag_Card_Category_Contacts_Count_12_mon_Dependent_count_Education_Level_Months_Inactive_12_mon_2 <= 0.99952)
31,(card_Category == Blue) AND (CLIENTNUM <= 717788958),CLIENTNUM <= 717788958,9,2,1,2,(card_Category == Blue) AND (CLIENTNUM <= 717788958)
31,(card_Category == Blue) AND (CLIENTNUM <= 717788958) AND (education_Level == High School),education_Level == High School,3,26,2,3,(card_Category == Blue) AND (CLIENTNUM <= 717788958) AND (education_Level == High School)
31,(card_Category == Blue) AND (CLIENTNUM > 717788958),CLIENTNUM > 717788958,13,-31,1,2,(card_Category == Blue) AND (CLIENTNUM > 717788958)
31,(card_Category == Blue) AND (CLIENTNUM > 717788958) AND (Dependent_count <= 1),Dependent_count <= 1,4,-17,2,3,(card_Category == Blue) AND (CLIENTNUM > 717788958) AND (Dependent_count <= 1)
31,(card_Category == Blue) AND (CLIENTNUM > 717788958) AND (Dependent_count > 1),Dependent_count > 1,9,-38,2,3,(card_Category == Blue) AND (CLIENTNUM > 717788958) AND (Dependent_count > 1)
31,(card_Category == Blue) AND (CLIENTNUM > 717788958) AND (Dependent_count > 1) AND (marital_Status == Single),marital_Status == Single,5,-31,3,4,(card_Category == Blue) AND (CLIENTNUM > 717788958) AND (Dependent_count > 1) AND (marital_Status == Single)
32,(Avg_Utilization_Ratio <= 0.223),Avg_Utilization_Ratio <= 0.223,19,12,0,1,(Avg_Utilization_Ratio <= 0.223)
32,(Avg_Utilization_Ratio <= 0.223) AND (Avg_Utilization_Ratio > 0),Avg_Utilization_Ratio > 0,9,57,1,2,(Avg_Utilization_Ratio <= 0.223) AND (Avg_Utilization_Ratio > 0)
32,(Avg_Utilization_Ratio <= 0.223) AND (Avg_Utilization_Ratio > 0) AND (Avg_Utilization_Ratio <= 0.086),Avg_Utilization_Ratio <= 0.086,4,76,2,3,(Avg_Utilization_Ratio <= 0.223) AND (Avg_Utilization_Ratio > 0) AND (Avg_Utilization_Ratio <= 0.086)
32,(Avg_Utilization_Ratio <= 0.223) AND (Avg_Utilization_Ratio > 0) AND (Avg_Utilization_Ratio > 0.086),Avg_Utilization_Ratio > 0.086,5,42,2,3,(Avg_Utilization_Ratio <= 0.223) AND (Avg_Utilization_Ratio > 0) AND (Avg_Utilization_Ratio > 0.086)
32,(Avg_Utilization_Ratio <= 0.223) AND (Avg_Utilization_Ratio <= 0),Avg_Utilization_Ratio <= 0,10,-27,1,2,(Avg_Utilization_Ratio <= 0.223) AND (Avg_Utilization_Ratio <= 0)
32,(Avg_Utilization_Ratio <= 0.223) AND (Avg_Utilization_Ratio <= 0) AND (income_Category == $80K - $120K),income_Category == $80K - $120K,4,-26,2,3,(Avg_Utilization_Ratio <= 0.223) AND (Avg_Utilization_Ratio <= 0) AND (income_Category == $80K - $120K)
32,(Avg_Utilization_Ratio <= 0.223) AND (Avg_Utilization_Ratio <= 0) AND (income_Category == $40K - $60K),income_Category == $40K - $60K,3,-55,2,3,(Avg_Utilization_Ratio <= 0.223) AND (Avg_Utilization_Ratio <= 0) AND (income_Category == $40K - $60K)
32,(Avg_Utilization_Ratio > 0.223),Avg_Utilization_Ratio > 0.223,11,-22,0,1,(Avg_Utilization_Ratio > 0.223)
32,(Avg_Utilization_Ratio > 0.223) AND (education_Level == Graduate),education_Level == Graduate,3,-7,1,2,(Avg_Utilization_Ratio > 0.223) AND (education_Level == Graduate)
32,(Avg_Utilization_Ratio > 0.223) AND (education_Level == Doctorate),education_Level == Doctorate,3,-28,1,2,(Avg_Utilization_Ratio > 0.223) AND (education_Level == Doctorate)
33,(income_Category == Unknown) AND (education_Level == Graduate),education_Level == Graduate,3,20,1,2,(income_Category == Unknown) AND (education_Level == Graduate)
33,(income_Category == $60K - $80K) AND (card_Category == Blue) AND (attrition_Flag == Existing Customer),attrition_Flag == Existing Customer,4,-8,2,3,(income_Category == $60K - $80K) AND (card_Category == Blue) AND (attrition_Flag == Existing Customer)
33,(income_Category == Less than $40K) AND (marital_Status == Single) AND (attrition_Flag == Existing Customer),attrition_Flag == Existing Customer,3,-21,2,3,(income_Category == Less than $40K) AND (marital_Status == Single) AND (attrition_Flag == Existing Customer)
34,(Avg_Utilization_Ratio <= 0.165),Avg_Utilization_Ratio <= 0.165,15,21,0,1,(Avg_Utilization_Ratio <= 0.165)
34,(Avg_Utilization_Ratio <= 0.165) AND (income_Category == $80K - $120K),income_Category == $80K - $120K,8,40,1,2,(Avg_Utilization_Ratio <= 0.165) AND (income_Category == $80K - $120K)
34,(Avg_Utilization_Ratio <= 0.165) AND (income_Category == $80K - $120K) AND (Avg_Utilization_Ratio <= 0.072),Avg_Utilization_Ratio <= 0.072,4,69,2,3,(Avg_Utilization_Ratio <= 0.165) AND (income_Category == $80K - $120K) AND (Avg_Utilization_Ratio <= 0.072)
34,(Avg_Utilization_Ratio <= 0.165) AND (income_Category == $80K - $120K) AND (Avg_Utilization_Ratio > 0.072),Avg_Utilization_Ratio > 0.072,4,11,2,3,(Avg_Utilization_Ratio <= 0.165) AND (income_Category == $80K - $120K) AND (Avg_Utilization_Ratio > 0.072)
34,(Avg_Utilization_Ratio > 0.165),Avg_Utilization_Ratio > 0.165,15,-21,0,1,(Avg_Utilization_Ratio > 0.165)
34,(Avg_Utilization_Ratio > 0.165) AND (Total_Amt_Chng_Q4_Q1 > 0.544),Total_Amt_Chng_Q4_Q1 > 0.544,11,-17,1,2,(Avg_Utilization_Ratio > 0.165) AND (Total_Amt_Chng_Q4_Q1 > 0.544)
34,(Avg_Utilization_Ratio > 0.165) AND (Total_Amt_Chng_Q4_Q1 > 0.544) AND (Naive_Bayes_Classifier_Attrition_Flag_Card_Category_Contacts_Count_12_mon_Dependent_count_Education_Level_Months_Inactive_12_mon_1 > 0.00018025),Naive_Bayes_Classifier_Attrition_Flag_Card_Category_Contacts_Count_12_mon_Dependent_count_Education_Level_Months_Inactive_12_mon_1 > 0.00018025,6,-11,2,3,(Avg_Utilization_Ratio > 0.165) AND (Total_Amt_Chng_Q4_Q1 > 0.544) AND (Naive_Bayes_Classifier_Attrition_Flag_Card_Category_Contacts_Count_12_mon_Dependent_count_Education_Level_Months_Inactive_12_mon_1 > 0.00018025)
34,(Avg_Utilization_Ratio > 0.165) AND (Total_Amt_Chng_Q4_Q1 > 0.544) AND (Naive_Bayes_Classifier_Attrition_Flag_Card_Category_Contacts_Count_12_mon_Dependent_count_Education_Level_Months_Inactive_12_mon_1 <= 0.00018025),Naive_Bayes_Classifier_Attrition_Flag_Card_Category_Contacts_Count_12_mon_Dependent_count_Education_Level_Months_Inactive_12_mon_1 <= 0.00018025,5,-25,2,3,(Avg_Utilization_Ratio > 0.165) AND (Total_Amt_Chng_Q4_Q1 > 0.544) AND (Naive_Bayes_Classifier_Attrition_Flag_Card_Category_Contacts_Count_12_mon_Dependent_count_Education_Level_Months_Inactive_12_mon_1 <= 0.00018025)
34,(Avg_Utilization_Ratio > 0.165) AND (Total_Amt_Chng_Q4_Q1 <= 0.544),Total_Amt_Chng_Q4_Q1 <= 0.544,4,-32,1,2,(Avg_Utilization_Ratio > 0.165) AND (Total_Amt_Chng_Q4_Q1 <= 0.544)
35,(Avg_Utilization_Ratio <= 0.115),Avg_Utilization_Ratio <= 0.115,14,27,0,1,(Avg_Utilization_Ratio <= 0.115)
35,(Avg_Utilization_Ratio <= 0.115) AND (education_Level == Uneducated),education_Level == Uneducated,4,68,1,2,(Avg_Utilization_Ratio <= 0.115) AND (education_Level == Uneducated)
35,(Avg_Utilization_Ratio <= 0.115) AND (education_Level == High School),education_Level == High School,3,57,1,2,(Avg_Utilization_Ratio <= 0.115) AND (education_Level == High School)
35,(Avg_Utilization_Ratio <= 0.115) AND (education_Level == Graduate),education_Level == Graduate,4,4,1,2,(Avg_Utilization_Ratio <= 0.115) AND (education_Level == Graduate)
35,(Avg_Utilization_Ratio > 0.115),Avg_Utilization_Ratio > 0.115,16,-23,0,1,(Avg_Utilization_Ratio > 0.115)
35,(Avg_Utilization_Ratio > 0.115) AND (Avg_Utilization_Ratio <= 0.282),Avg_Utilization_Ratio <= 0.282,6,-9,1,2,(Avg_Utilization_Ratio > 0.115) AND (Avg_Utilization_Ratio <= 0.282)
35,(Avg_Utilization_Ratio > 0.115) AND (Avg_Utilization_Ratio <= 0.282) AND (education_Level == Uneducated),education_Level == Uneducated,3,-4,2,3,(Avg_Utilization_Ratio > 0.115) AND (Avg_Utilization_Ratio <= 0.282) AND (education_Level == Uneducated)
35,(Avg_Utilization_Ratio > 0.115) AND (Avg_Utilization_Ratio > 0.282),Avg_Utilization_Ratio > 0.282,10,-32,1,2,(Avg_Utilization_Ratio > 0.115) AND (Avg_Utilization_Ratio > 0.282)
35,(Avg_Utilization_Ratio > 0.115) AND (Avg_Utilization_Ratio > 0.282) AND (education_Level == Graduate),education_Level == Graduate,4,-28,2,3,(Avg_Utilization_Ratio > 0.115) AND (Avg_Utilization_Ratio > 0.282) AND (education_Level == Graduate)
35,(Avg_Utilization_Ratio > 0.115) AND (Avg_Utilization_Ratio > 0.282) AND (education_Level == High School),education_Level == High School,3,-40,2,3,(Avg_Utilization_Ratio > 0.115) AND (Avg_Utilization_Ratio > 0.282) AND (education_Level == High School)
36,(income_Category == $120K +) AND (Dependent_count > 3),Dependent_count > 3,3,63,1,2,(income_Category == $120K +) AND (Dependent_count > 3)
36,(income_Category == $120K +) AND (Dependent_count <= 3),Dependent_count <= 3,6,5,1,2,(income_Category == $120K +) AND (Dependent_count <= 3)
36,(income_Category == $120K +) AND (Dependent_count <= 3) AND (Months_on_book <= 43),Months_on_book <= 43,3,23,2,3,(income_Category == $120K +) AND (Dependent_count <= 3) AND (Months_on_book <= 43)
36,(income_Category == $120K +) AND (Dependent_count <= 3) AND (Months_on_book > 43),Months_on_book > 43,3,-12,2,3,(income_Category == $120K +) AND (Dependent_count <= 3) AND (Months_on_book > 43)
36,(income_Category == $60K - $80K) AND (CLIENTNUM > 715026258),CLIENTNUM > 715026258,3,-5,1,2,(income_Category == $60K - $80K) AND (CLIENTNUM > 715026258)
36,(income_Category == $60K - $80K) AND (CLIENTNUM <= 715026258),CLIENTNUM <= 715026258,3,-28,1,2,(income_Category == $60K - $80K) AND (CLIENTNUM <= 715026258)
37,(income_Category == $80K - $120K) AND (Months_on_book <= 36),Months_on_book <= 36,3,69,1,2,(income_Category == $80K - $120K) AND (Months_on_book <= 36)
37,(income_Category == $80K - $120K) AND (Months_on_book > 36),Months_on_book > 36,4,23,1,2,(income_Category == $80K - $120K) AND (Months_on_book > 36)
38,(card_Category == Blue) AND (education_Level == Uneducated),education_Level == Uneducated,6,0,1,2,(card_Category == Blue) AND (education_Level == Uneducated)
38,(card_Category == Blue) AND (education_Level == College),education_Level == College,6,-11,1,2,(card_Category == Blue) AND (education_Level == College)
38,(card_Category == Blue) AND (education_Level == Graduate) AND (marital_Status == Single),marital_Status == Single,4,-38,2,3,(card_Category == Blue) AND (education_Level == Graduate) AND (marital_Status == Single)
39,(Avg_Utilization_Ratio <= 0.111),Avg_Utilization_Ratio <= 0.111,13,19,0,1,(Avg_Utilization_Ratio <= 0.111)
39,(Avg_Utilization_Ratio <= 0.111) AND (Avg_Utilization_Ratio > 0),Avg_Utilization_Ratio > 0,6,64,1,2,(Avg_Utilization_Ratio <= 0.111) AND (Avg_Utilization_Ratio > 0)
39,(Avg_Utilization_Ratio <= 0.111) AND (Avg_Utilization_Ratio <= 0),Avg_Utilization_Ratio <= 0,7,-20,1,2,(Avg_Utilization_Ratio <= 0.111) AND (Avg_Utilization_Ratio <= 0)
39,(Avg_Utilization_Ratio <= 0.111) AND (Avg_Utilization_Ratio <= 0) AND (Total_Amt_Chng_Q4_Q1 <= 0.637),Total_Amt_Chng_Q4_Q1 <= 0.637,3,-2,2,3,(Avg_Utilization_Ratio <= 0.111) AND (Avg_Utilization_Ratio <= 0) AND (Total_Amt_Chng_Q4_Q1 <= 0.637)
39,(Avg_Utilization_Ratio <= 0.111) AND (Avg_Utilization_Ratio <= 0) AND (Total_Amt_Chng_Q4_Q1 > 0.637),Total_Amt_Chng_Q4_Q1 > 0.637,4,-33,2,3,(Avg_Utilization_Ratio <= 0.111) AND (Avg_Utilization_Ratio <= 0) AND (Total_Amt_Chng_Q4_Q1 > 0.637)
39,(Avg_Utilization_Ratio > 0.111),Avg_Utilization_Ratio > 0.111,17,-14,0,1,(Avg_Utilization_Ratio > 0.111)
39,(Avg_Utilization_Ratio > 0.111) AND (Avg_Utilization_Ratio <= 0.348),Avg_Utilization_Ratio <= 0.348,8,-1,1,2,(Avg_Utilization_Ratio > 0.111) AND (Avg_Utilization_Ratio <= 0.348)
39,(Avg_Utilization_Ratio > 0.111) AND (Avg_Utilization_Ratio <= 0.348) AND (education_Level == Uneducated),education_Level == Uneducated,3,-4,2,3,(Avg_Utilization_Ratio > 0.111) AND (Avg_Utilization_Ratio <= 0.348) AND (education_Level == Uneducated)
39,(Avg_Utilization_Ratio > 0.111) AND (Avg_Utilization_Ratio > 0.348),Avg_Utilization_Ratio > 0.348,9,-25,1,2,(Avg_Utilization_Ratio > 0.111) AND (Avg_Utilization_Ratio > 0.348)
40,(card_Category == Blue) AND (Avg_Utilization_Ratio > 0) AND (income_Category == Unknown),income_Category == Unknown,3,28,2,3,(card_Category == Blue) AND (Avg_Utilization_Ratio > 0) AND (income_Category == Unknown)
40,(card_Category == Blue) AND (Avg_Utilization_Ratio > 0) AND (income_Category == $60K - $80K),income_Category == $60K - $80K,3,7,2,3,(card_Category == Blue) AND (Avg_Utilization_Ratio > 0) AND (income_Category == $60K - $80K)
40,(card_Category == Blue) AND (Avg_Utilization_Ratio > 0) AND (income_Category == $40K - $60K),income_Category == $40K - $60K,3,-15,2,3,(card_Category == Blue) AND (Avg_Utilization_Ratio > 0) AND (income_Category == $40K - $60K)
40,(card_Category == Blue) AND (Avg_Utilization_Ratio > 0) AND (income_Category == Less than $40K),income_Category == Less than $40K,5,-15,2,3,(card_Category == Blue) AND (Avg_Utilization_Ratio > 0) AND (income_Category == Less than $40K)
40,(card_Category == Blue) AND (Avg_Utilization_Ratio <= 0) AND (income_Category == $80K - $120K),income_Category == $80K - $120K,4,-42,2,3,(card_Category == Blue) AND (Avg_Utilization_Ratio <= 0) AND (income_Category == $80K - $120K)
41,(income_Category == $40K - $60K) AND (education_Level == Graduate),education_Level == Graduate,3,-30,1,2,(income_Category == $40K - $60K) AND (education_Level == Graduate)
42,(card_Category == Silver) AND (income_Category == $40K - $60K),income_Category == $40K - $60K,3,32,1,2,(card_Category == Silver) AND (income_Category == $40K - $60K)
42,(card_Category == Blue) AND (Avg_Utilization_Ratio <= 0.118),Avg_Utilization_Ratio <= 0.118,8,-14,1,2,(card_Category == Blue) AND (Avg_Utilization_Ratio <= 0.118)
42,(card_Category == Blue) AND (Avg_Utilization_Ratio <= 0.118) AND (Total_Trans_Amt > 3057),Total_Trans_Amt > 3057,4,7,2,3,(card_Category == Blue) AND (Avg_Utilization_Ratio <= 0.118) AND (Total_Trans_Amt > 3057)
42,(card_Category == Blue) AND (Avg_Utilization_Ratio <= 0.118) AND (Total_Trans_Amt <= 3057),Total_Trans_Amt <= 3057,4,-36,2,3,(card_Category == Blue) AND (Avg_Utilization_Ratio <= 0.118) AND (Total_Trans_Amt <= 3057)
42,(card_Category == Blue) AND (Avg_Utilization_Ratio > 0.118),Avg_Utilization_Ratio > 0.118,15,-15,1,2,(card_Category == Blue) AND (Avg_Utilization_Ratio > 0.118)
42,(card_Category == Blue) AND (Avg_Utilization_Ratio > 0.118) AND (Naive_Bayes_Classifier_Attrition_Flag_Card_Category_Contacts_Count_12_mon_Dependent_count_Education_Level_Months_Inactive_12_mon_2 > 0.99993),Naive_Bayes_Classifier_Attrition_Flag_Card_Category_Contacts_Count_12_mon_Dependent_count_Education_Level_Months_Inactive_12_mon_2 > 0.99993,4,-7,2,3,(card_Category == Blue) AND (Avg_Utilization_Ratio > 0.118) AND (Naive_Bayes_Classifier_Attrition_Flag_Card_Category_Contacts_Count_12_mon_Dependent_count_Education_Level_Months_Inactive_12_mon_2 > 0.99993)
42,(card_Category == Blue) AND (Avg_Utilization_Ratio > 0.118) AND (Naive_Bayes_Classifier_Attrition_Flag_Card_Category_Contacts_Count_12_mon_Dependent_count_Education_Level_Months_Inactive_12_mon_2 <= 0.99993),Naive_Bayes_Classifier_Attrition_Flag_Card_Category_Contacts_Count_12_mon_Dependent_count_Education_Level_Months_Inactive_12_mon_2 <= 0.99993,11,-17,2,3,(card_Category == Blue) AND (Avg_Utilization_Ratio > 0.118) AND (Naive_Bayes_Classifier_Attrition_Flag_Card_Category_Contacts_Count_12_mon_Dependent_count_Education_Level_Months_Inactive_12_mon_2 <= 0.99993)
43,(income_Category == $80K - $120K) AND (marital_Status == Single),marital_Status == Single,3,20,1,2,(income_Category == $80K - $120K) AND (marital_Status == Single)
43,(income_Category == $80K - $120K) AND (marital_Status == Married),marital_Status == Married,6,8,1,2,(income_Category == $80K - $120K) AND (marital_Status == Married)
43,(income_Category == $80K - $120K) AND (marital_Status == Married) AND (education_Level == Graduate),education_Level == Graduate,4,10,2,3,(income_Category == $80K - $120K) AND (marital_Status == Married) AND (education_Level == Graduate)
43,(income_Category == $80K - $120K) AND (marital_Status == Married) AND (education_Level == Graduate) AND (attrition_Flag == Existing Customer),attrition_Flag == Existing Customer,3,6,3,4,(income_Category == $80K - $120K) AND (marital_Status == Married) AND (education_Level == Graduate) AND (attrition_Flag == Existing Customer)
43,(income_Category == $40K - $60K) AND (CLIENTNUM <= 718372458),CLIENTNUM <= 718372458,4,-9,1,2,(income_Category == $40K - $60K) AND (CLIENTNUM <= 718372458)
43,(income_Category == $40K - $60K) AND (CLIENTNUM > 718372458),CLIENTNUM > 718372458,3,-27,1,2,(income_Category == $40K - $60K) AND (CLIENTNUM > 718372458)
44,(card_Category == Blue) AND (Avg_Utilization_Ratio > 0) AND (Avg_Utilization_Ratio <= 0.173),Avg_Utilization_Ratio <= 0.173,3,27,2,3,(card_Category == Blue) AND (Avg_Utilization_Ratio > 0) AND (Avg_Utilization_Ratio <= 0.173)
44,(card_Category == Blue) AND (Avg_Utilization_Ratio > 0) AND (Avg_Utilization_Ratio > 0.173),Avg_Utilization_Ratio > 0.173,10,-15,2,3,(card_Category == Blue) AND (Avg_Utilization_Ratio > 0) AND (Avg_Utilization_Ratio > 0.173)
44,(card_Category == Blue) AND (Avg_Utilization_Ratio > 0) AND (Avg_Utilization_Ratio > 0.173) AND (education_Level == High School),education_Level == High School,4,-3,3,4,(card_Category == Blue) AND (Avg_Utilization_Ratio > 0) AND (Avg_Utilization_Ratio > 0.173) AND (education_Level == High School)
44,(card_Category == Blue) AND (Avg_Utilization_Ratio > 0) AND (Avg_Utilization_Ratio > 0.173) AND (education_Level == High School) AND (gender == M),gender == M,3,-9,4,5,(card_Category == Blue) AND (Avg_Utilization_Ratio > 0) AND (Avg_Utilization_Ratio > 0.173) AND (education_Level == High School) AND (gender == M)
44,(card_Category == Blue) AND (Avg_Utilization_Ratio > 0) AND (Avg_Utilization_Ratio > 0.173) AND (education_Level == Graduate),education_Level == Graduate,3,-32,3,4,(card_Category == Blue) AND (Avg_Utilization_Ratio > 0) AND (Avg_Utilization_Ratio > 0.173) AND (education_Level == Graduate)
44,(card_Category == Blue) AND (Avg_Utilization_Ratio <= 0) AND (attrition_Flag == Existing Customer),attrition_Flag == Existing Customer,7,-30,2,3,(card_Category == Blue) AND (Avg_Utilization_Ratio <= 0) AND (attrition_Flag == Existing Customer)
45,(Avg_Utilization_Ratio <= 0.186),Avg_Utilization_Ratio <= 0.186,20,15,0,1,(Avg_Utilization_Ratio <= 0.186)
45,(Avg_Utilization_Ratio <= 0.186) AND (Avg_Utilization_Ratio > 0),Avg_Utilization_Ratio > 0,13,40,1,2,(Avg_Utilization_Ratio <= 0.186) AND (Avg_Utilization_Ratio > 0)
45,(Avg_Utilization_Ratio <= 0.186) AND (Avg_Utilization_Ratio > 0) AND (Months_on_book > 36),Months_on_book > 36,3,79,2,3,(Avg_Utilization_Ratio <= 0.186) AND (Avg_Utilization_Ratio > 0) AND (Months_on_book > 36)
45,(Avg_Utilization_Ratio <= 0.186) AND (Avg_Utilization_Ratio > 0) AND (Months_on_book <= 36),Months_on_book <= 36,10,29,2,3,(Avg_Utilization_Ratio <= 0.186) AND (Avg_Utilization_Ratio > 0) AND (Months_on_book <= 36)
45,(Avg_Utilization_Ratio <= 0.186) AND (Avg_Utilization_Ratio > 0) AND (Months_on_book <= 36) AND (education_Level == Uneducated),education_Level == Uneducated,3,26,3,4,(Avg_Utilization_Ratio <= 0.186) AND (Avg_Utilization_Ratio > 0) AND (Months_on_book <= 36) AND (education_Level == Uneducated)
45,(Avg_Utilization_Ratio <= 0.186) AND (Avg_Utilization_Ratio <= 0),Avg_Utilization_Ratio <= 0,7,-30,1,2,(Avg_Utilization_Ratio <= 0.186) AND (Avg_Utilization_Ratio <= 0)
45,(Avg_Utilization_Ratio <= 0.186) AND (Avg_Utilization_Ratio <= 0) AND (marital_Status == Single),marital_Status == Single,4,-34,2,3,(Avg_Utilization_Ratio <= 0.186) AND (Avg_Utilization_Ratio <= 0) AND (marital_Status == Single)
45,(Avg_Utilization_Ratio > 0.186),Avg_Utilization_Ratio > 0.186,10,-31,0,1,(Avg_Utilization_Ratio > 0.186)
45,(Avg_Utilization_Ratio > 0.186) AND (income_Category == $40K - $60K),income_Category == $40K - $60K,3,-29,1,2,(Avg_Utilization_Ratio > 0.186) AND (income_Category == $40K - $60K)
45,(Avg_Utilization_Ratio > 0.186) AND (income_Category == Less than $40K),income_Category == Less than $40K,3,-46,1,2,(Avg_Utilization_Ratio > 0.186) AND (income_Category == Less than $40K)
46,(income_Category == $80K - $120K) AND (education_Level == College),education_Level == College,3,10,1,2,(income_Category == $80K - $120K) AND (education_Level == College)
46,(income_Category == $80K - $120K) AND (education_Level == Unknown),education_Level == Unknown,3,9,1,2,(income_Category == $80K - $120K) AND (education_Level == Unknown)
46,(income_Category == $60K - $80K) AND (education_Level == High School),education_Level == High School,3,-20,1,2,(income_Category == $60K - $80K) AND (education_Level == High School)
46,(income_Category == Less than $40K) AND (Avg_Utilization_Ratio > 0),Avg_Utilization_Ratio > 0,3,-23,1,2,(income_Category == Less than $40K) AND (Avg_Utilization_Ratio > 0)
46,(income_Category == Less than $40K) AND (Avg_Utilization_Ratio <= 0),Avg_Utilization_Ratio <= 0,3,-63,1,2,(income_Category == Less than $40K) AND (Avg_Utilization_Ratio <= 0)
47,(marital_Status == Married),marital_Status == Married,17,5,0,1,(marital_Status == Married)
47,(marital_Status == Married) AND (Avg_Utilization_Ratio <= 0.173),Avg_Utilization_Ratio <= 0.173,11,19,1,2,(marital_Status == Married) AND (Avg_Utilization_Ratio <= 0.173)
47,(marital_Status == Married) AND (Avg_Utilization_Ratio <= 0.173) AND (Total_Relationship_Count <= 3),Total_Relationship_Count <= 3,6,41,2,3,(marital_Status == Married) AND (Avg_Utilization_Ratio <= 0.173) AND (Total_Relationship_Count <= 3)
47,(marital_Status == Married) AND (Avg_Utilization_Ratio <= 0.173) AND (Total_Relationship_Count <= 3) AND (income_Category == $80K - $120K),income_Category == $80K - $120K,3,43,3,4,(marital_Status == Married) AND (Avg_Utilization_Ratio <= 0.173) AND (Total_Relationship_Count <= 3) AND (income_Category == $80K - $120K)
47,(marital_Status == Married) AND (Avg_Utilization_Ratio <= 0.173) AND (Total_Relationship_Count > 3),Total_Relationship_Count > 3,5,-5,2,3,(marital_Status == Married) AND (Avg_Utilization_Ratio <= 0.173) AND (Total_Relationship_Count > 3)
47,(marital_Status == Married) AND (Avg_Utilization_Ratio > 0.173),Avg_Utilization_Ratio > 0.173,6,-19,1,2,(marital_Status == Married) AND (Avg_Utilization_Ratio > 0.173)
47,(marital_Status == Married) AND (Avg_Utilization_Ratio > 0.173) AND (income_Category == $60K - $80K),income_Category == $60K - $80K,3,-18,2,3,(marital_Status == Married) AND (Avg_Utilization_Ratio > 0.173) AND (income_Category == $60K - $80K)
47,(marital_Status == Divorced),marital_Status == Divorced,3,-7,0,1,(marital_Status == Divorced)
47,(marital_Status == Single),marital_Status == Single,9,-19,0,1,(marital_Status == Single)
47,(marital_Status == Single) AND (income_Category == $40K - $60K),income_Category == $40K - $60K,3,-3,1,2,(marital_Status == Single) AND (income_Category == $40K - $60K)
48,(Avg_Utilization_Ratio <= 0.105),Avg_Utilization_Ratio <= 0.105,12,16,0,1,(Avg_Utilization_Ratio <= 0.105)
48,(Avg_Utilization_Ratio <= 0.105) AND (income_Category == $120K +),income_Category == $120K +,3,53,1,2,(Avg_Utilization_Ratio <= 0.105) AND (income_Category == $120K +)
48,(Avg_Utilization_Ratio <= 0.105) AND (income_Category == $40K - $60K),income_Category == $40K - $60K,3,-16,1,2,(Avg_Utilization_Ratio <= 0.105) AND (income_Category == $40K - $60K)
48,(Avg_Utilization_Ratio > 0.105),Avg_Utilization_Ratio > 0.105,18,-11,0,1,(Avg_Utilization_Ratio > 0.105)
48,(Avg_Utilization_Ratio > 0.105) AND (education_Level == College),education_Level == College,4,0,1,2,(Avg_Utilization_Ratio > 0.105) AND (education_Level == College)
48,(Avg_Utilization_Ratio > 0.105) AND (education_Level == High School),education_Level == High School,6,-5,1,2,(Avg_Utilization_Ratio > 0.105) AND (education_Level == High School)
48,(Avg_Utilization_Ratio > 0.105) AND (education_Level == Unknown),education_Level == Unknown,3,-9,1,2,(Avg_Utilization_Ratio > 0.105) AND (education_Level == Unknown)
49,(Total_Trans_Amt > 4724),Total_Trans_Amt > 4724,6,46,0,1,(Total_Trans_Amt > 4724)
49,(Total_Trans_Amt <= 4724),Total_Trans_Amt <= 4724,24,-11,0,1,(Total_Trans_Amt <= 4724)
49,(Total_Trans_Amt <= 4724) AND (Avg_Utilization_Ratio > 0),Avg_Utilization_Ratio > 0,13,0,1,2,(Total_Trans_Amt <= 4724) AND (Avg_Utilization_Ratio > 0)
49,(Total_Trans_Amt <= 4724) AND (Avg_Utilization_Ratio > 0) AND (education_Level == High School),education_Level == High School,4,9,2,3,(Total_Trans_Amt <= 4724) AND (Avg_Utilization_Ratio > 0) AND (education_Level == High School)
49,(Total_Trans_Amt <= 4724) AND (Avg_Utilization_Ratio > 0) AND (education_Level == High School) AND (attrition_Flag == Existing Customer),attrition_Flag == Existing Customer,3,14,3,4,(Total_Trans_Amt <= 4724) AND (Avg_Utilization_Ratio > 0) AND (education_Level == High School) AND (attrition_Flag == Existing Customer)
49,(Total_Trans_Amt <= 4724) AND (Avg_Utilization_Ratio > 0) AND (education_Level == Unknown),education_Level == Unknown,3,0,2,3,(Total_Trans_Amt <= 4724) AND (Avg_Utilization_Ratio > 0) AND (education_Level == Unknown)
49,(Total_Trans_Amt <= 4724) AND (Avg_Utilization_Ratio > 0) AND (education_Level == Graduate),education_Level == Graduate,4,-3,2,3,(Total_Trans_Amt <= 4724) AND (Avg_Utilization_Ratio > 0) AND (education_Level == Graduate)
49,(Total_Trans_Amt <= 4724) AND (Avg_Utilization_Ratio <= 0),Avg_Utilization_Ratio <= 0,11,-25,1,2,(Total_Trans_Amt <= 4724) AND (Avg_Utilization_Ratio <= 0)
49,(Total_Trans_Amt <= 4724) AND (Avg_Utilization_Ratio <= 0) AND (income_Category == $80K - $120K),income_Category == $80K - $120K,3,17,2,3,(Total_Trans_Amt <= 4724) AND (Avg_Utilization_Ratio <= 0) AND (income_Category == $80K - $120K)
49,(Total_Trans_Amt <= 4724) AND (Avg_Utilization_Ratio <= 0) AND (income_Category == $40K - $60K),income_Category == $40K - $60K,4,-41,2,3,(Total_Trans_Amt <= 4724) AND (Avg_Utilization_Ratio <= 0) AND (income_Category == $40K - $60K)
50,(card_Category == Silver) AND (Avg_Utilization_Ratio > 0.05),Avg_Utilization_Ratio > 0.05,4,76,1,2,(card_Category == Silver) AND (Avg_Utilization_Ratio > 0.05)
50,(card_Category == Silver) AND (Avg_Utilization_Ratio <= 0.05),Avg_Utilization_Ratio <= 0.05,3,42,1,2,(card_Category == Silver) AND (Avg_Utilization_Ratio <= 0.05)
50,(card_Category == Blue) AND (income_Category == $120K +),income_Category == $120K +,6,0,1,2,(card_Category == Blue) AND (income_Category == $120K +)
50,(card_Category == Blue) AND (income_Category == Unknown),income_Category == Unknown,4,-37,1,2,(card_Category == Blue) AND (income_Category == Unknown)
50,(card_Category == Blue) AND (income_Category == Unknown) AND (marital_Status == Single),marital_Status == Single,3,-31,2,3,(card_Category == Blue) AND (income_Category == Unknown) AND (marital_Status == Single)
